shop_id,preds
1,16918.96875
2,9346.81933594
3,13553.3652344
4,9511.76855469
5,9231.32128906
6,9383.37011719
7,10190.4511719
8,9204.46386719
9,10038.0957031
10,9121.40136719
11,9501.69921875
12,19698.1503906
13,9404.32226562
14,9040.92675781
15,9191.9453125
16,9165.04101562
17,19180.7578125
18,9247.59082031
19,9384.60449219
20,9177.71386719
21,9348.87304688
22,9567.05371094
23,9955.95410156
24,10134.5322266
25,9285.45507812
26,15367.9287109
27,9201.13476562
28,9564.0234375
29,18724.0761719
30,9152.42089844
31,9272.83203125
32,9311.36425781
33,9253.38769531
34,9364.28320312
35,10317.9140625
36,10328.3916016
37,9310.24804688
38,9259.50390625
39,9228.24316406
40,9146.19140625
41,9318.99414062
42,9105.08496094
43,9310.66601562
44,9226.7734375
45,9203.87109375
46,11642.6386719
47,9569.56542969
48,9241.34082031
49,15972.4111328
50,13165.5205078
51,22348.2851562
52,9145.84667969
53,9115.25683594
54,17559.2148438
55,9602.59667969
56,9318.90039062
57,9361.16601562
58,9134.05664062
59,9198.91796875
60,9174.88671875
61,11533.2587891
62,9202.84570312
63,9517.94921875
64,10053.6708984
65,9183.23144531
66,9189.55664062
67,9616.50878906
68,24438.0898438
69,9304.88964844
70,12955.9638672
71,9311.14648438
72,10691.8720703
73,9332.64160156
74,9287.45019531
75,30069.5019531
76,9513.75390625
77,9326.07617188
78,13823.7685547
79,9302.78027344
80,10090.6230469
81,9149.62109375
82,17506.3007812
83,39664.53125
84,10165.0263672
85,21236.6035156
86,33812.96875
87,39686.40625
88,8983.15917969
89,21064.40625
90,10241.4960938
91,9425.6015625
92,9536.16699219
93,9166.98046875
94,9079.95019531
95,26708.6230469
96,8898.20703125
97,9311.13867188
98,9975.69335938
99,9369.9921875
100,9193.6484375
101,9325.23535156
102,9888.09667969
103,9221.015625
104,9469.69335938
105,9201.71972656
106,9436.28417969
107,11653.1103516
108,9255.74316406
109,10055.6054688
110,9390.32324219
111,9302.1796875
112,9518.43652344
113,9354.85253906
114,9295.28613281
115,9185.58105469
116,15249.0585938
117,9432.84570312
118,9213.70703125
119,9138.99316406
120,9376.25976562
121,9468.97753906
122,9321.12890625
123,27583.4375
124,9166.71191406
125,22303.9570312
126,9268.44628906
127,11704.8583984
128,23218.78125
129,10086.0556641
130,29360.1035156
131,9482.05957031
132,9254.74414062
133,10192.7910156
134,9225.52734375
135,9227.57226562
136,9550.04785156
137,9344.703125
138,19839.5527344
139,9391.90917969
140,9472.41503906
141,9059.64941406
142,9040.17480469
143,9217.38476562
144,9275.7421875
145,9291.98242188
146,9381.69042969
147,45355.2070312
148,9470.2734375
149,144767.953125
150,9458.90234375
151,9374.16894531
152,9209.21191406
153,10392.2001953
154,9239.6953125
155,9530.70996094
156,9035.4140625
157,17064.8730469
158,14115.7939453
159,9458.37304688
160,9183.25097656
161,12881.5585938
162,11867.7324219
163,9408.9375
164,21501.9550781
165,9834.23242188
166,9305.20996094
167,12797.1308594
168,10188.7460938
169,9359.87597656
170,9252.28515625
171,25306.8632812
172,8910.44433594
173,9310.8828125
174,9707.13085938
175,9093.42285156
176,16236.9257812
177,9305.57421875
178,9209.42578125
179,22777.1367188
180,9309.47460938
181,17264.125
182,12160.0615234
183,11512.5820312
184,9248.04199219
185,9497.48144531
186,37204.7421875
187,32521.4863281
188,26280.5839844
189,9062.58300781
190,26538.8925781
191,9754.06152344
192,9683.65527344
193,9416.85644531
194,9246.66894531
195,9341.63671875
196,39726.9296875
197,9475.734375
198,9334.29003906
199,9269.27734375
200,9429.67578125
201,12944.9052734
202,15712.7060547
203,9223.30859375
204,9498.35253906
205,11856.9316406
206,17518.4941406
207,9525.51855469
208,14854.0410156
209,9434.15917969
210,30915.9882812
211,9294.25195312
212,28327.2109375
213,9139.48828125
214,9555.36328125
215,9351.22070312
216,9320.43457031
217,56605.5546875
218,10699.0126953
219,9045.17773438
220,9290.37695312
221,10333.4492188
222,9169.79101562
223,9481.71582031
224,20200.5507812
225,9281.07421875
226,9219.25585938
227,9260.4921875
228,8906.31445312
229,31902.5898438
230,27615.8847656
231,10959.0380859
232,9304.8828125
233,9351.43847656
234,11264.7617188
235,9259.69628906
236,9219.48925781
237,24156.7597656
238,9314.45605469
239,9464.70214844
240,9185.73046875
241,9156.6171875
242,9205.97851562
243,9176.94628906
244,11070.5214844
245,8754.84960938
246,9316.8046875
247,14030.7802734
248,10893.7832031
249,9141.20996094
250,14068.7675781
251,9346.48730469
252,9174.71777344
253,9219.59179688
254,9104.98925781
255,9171.15625
256,10264.6044922
257,9144.33691406
258,14455.6337891
259,10361.2675781
260,9135.49414062
261,9116.92773438
262,9331.77539062
263,9151.37402344
264,11064.2421875
265,8810.04199219
266,9335.77246094
267,9250.15234375
268,9433.79003906
269,9114.3046875
270,9238.91699219
271,24338.4726562
272,9054.640625
273,10351.2216797
274,20964.9296875
275,12507.9882812
276,9241.0859375
277,36551.0039062
278,9497.77441406
279,31178.421875
280,9324.8984375
281,9006.70117188
282,21808.8632812
283,9238.7265625
284,9251.99902344
285,9492.20214844
286,9328.13476562
287,9253.52441406
288,20132.5722656
289,9420.54492188
290,9194.44042969
291,9309.8671875
292,9039.125
293,8901.71875
294,9353.32519531
295,9262.65917969
296,13219.8935547
297,9205.76269531
298,9248.30566406
299,21228.7304688
300,9228.99316406
301,9210.0234375
302,27193.5214844
303,9269.35351562
304,12366.9130859
305,14305.25
306,9355.31347656
307,9264.48046875
308,9447.22070312
309,9422.84960938
310,9270.60644531
311,9359.13085938
312,9093.95507812
313,9571.06152344
314,9197.80078125
315,9160.99121094
316,9105.76855469
317,21149.2734375
318,9557.90625
319,9043.23632812
320,9038.24023438
321,9265.67285156
322,9221.125
323,55777.2851562
324,9204.453125
325,9217.57519531
326,9188.82226562
327,11440.4306641
328,36699.1523438
329,9349.91210938
330,19756.9140625
331,9577.30859375
332,9421.91894531
333,9543.67675781
334,38942.3320312
335,9115.828125
336,9197.20898438
337,20059.3554688
338,9364.00976562
339,9249.08105469
340,9183.37109375
341,9389.66210938
342,9046.21582031
343,9153.47949219
344,9111.08691406
345,9385.70703125
346,9326.40625
347,9448.765625
348,12329.7958984
349,9381.65722656
350,9132.65820312
351,9291.02539062
352,27903.9960938
353,9840.91992188
354,9248.12792969
355,9330.12792969
356,9118.734375
357,9319.63085938
358,9279.69140625
359,9235.13867188
360,9181.390625
361,9291.44140625
362,18931.15625
363,11621.46875
364,18732.3867188
365,11668.5947266
366,9156.47460938
367,8985.44433594
368,9293.47851562
369,9159.515625
370,9265.65722656
371,9321.38964844
372,9455.70703125
373,9345.76660156
374,9278.484375
375,9233.54296875
376,9232.64648438
377,9343.86914062
378,9511.96972656
379,9503.40722656
380,9213.62792969
381,9232.3515625
382,9135.86132812
383,25732.8398438
384,9267.14257812
385,63032.9257812
386,18905.5644531
387,9327.62109375
388,9266.91113281
389,17101.6074219
390,9243.74609375
391,9154.29199219
392,9270.4296875
393,9286.0625
394,9270.15917969
395,10991.7119141
396,9173.54003906
397,8829.30957031
398,9032.40332031
399,9341.79589844
400,8941.02636719
401,9318.15039062
402,31808.4375
403,13155.0683594
404,9450.88476562
405,10820.0527344
406,17047.84375
407,9351.96191406
408,10396.8544922
409,9426.71582031
410,9202.62304688
411,9751.1328125
412,9190.43652344
413,11716.3603516
414,9444.53808594
415,19374.2363281
416,13922.2011719
417,9105.89941406
418,14796.84375
419,12318.0449219
420,20786.7910156
421,9349.60449219
422,18753.0078125
423,11217.6103516
424,9239.19042969
425,9243.17382812
426,18798.6992188
427,9794.90722656
428,9520.93554688
429,16907.7675781
430,9343.85449219
431,11847.359375
432,9254.89941406
433,9248.91210938
434,24916.9101562
435,9211.62988281
436,9253.9765625
437,9457.3359375
438,11574.4433594
439,9225.43554688
440,9211.55957031
441,9313.44921875
442,9177.91601562
443,8806.14453125
444,10741.7802734
445,9195.58398438
446,9341.53125
447,9298.84570312
448,9230.36035156
449,9407.62890625
450,19808.6953125
451,9186.42089844
452,21500.2148438
453,11391.5644531
454,9213.99414062
455,10934.7070312
456,9447.25292969
457,9267.81054688
458,9276.59765625
459,9313.89160156
460,14319.1240234
461,20872.5488281
462,9312.35253906
463,44352.1757812
464,9222.76367188
465,10530.6025391
466,11901.609375
467,9244.80175781
468,9185.37695312
469,10292.7548828
470,9350.12695312
471,28688.4238281
472,17132.8554688
473,13130.1914062
474,10967.2089844
475,9042.64257812
476,9205.25683594
477,9358.19824219
478,20339.6484375
479,9096.28417969
480,9385.41796875
481,9387.98632812
482,9146.19433594
483,9362.30859375
484,16139.2060547
485,9584.03710938
486,9204.17480469
487,9362.63769531
488,9160.02441406
489,14547.5556641
490,9086.84375
491,9366.28320312
492,9533.39746094
493,14031.8828125
494,16581.4628906
495,8934.13867188
496,9386.05175781
497,9180.54394531
498,9408.10449219
499,9407.10351562
500,9193.94433594
501,9289.03613281
502,9388.08691406
503,14620.2451172
504,9414.90722656
505,10360.4746094
506,87278.7265625
507,56167.5
508,13958.7128906
509,9249.29394531
510,9504.29296875
511,9120.23339844
512,9202.78222656
513,9278.20703125
514,9201.16894531
515,20287.7890625
516,9210.53320312
517,33115.7734375
518,9268.47558594
519,9056.05859375
520,9399.96484375
521,11162.9150391
522,11743.7158203
523,28428.8632812
524,9082.75585938
525,9263.86035156
526,9316.13476562
527,9181.01269531
528,12041.8935547
529,9102.50097656
530,9290.04589844
531,9230.15722656
532,9334.44238281
533,8975.71972656
534,9153.21484375
535,9281.18457031
536,11531.5595703
537,14447.1865234
538,23489.1210938
539,36816.6914062
540,9418.65722656
541,14143.8603516
542,9315.75292969
543,42802.8359375
544,16317.1669922
545,38416.4453125
546,9189.35351562
547,9099.51464844
548,9459.234375
549,9321.48339844
550,33768.34375
551,9280.86523438
552,9301.60449219
553,9474.90136719
554,18102.1289062
555,9105.66796875
556,9177.60644531
557,11184.1201172
558,9261.08691406
559,9189.71777344
560,36372.6992188
561,9225.04492188
562,9334.69433594
563,9408.42578125
564,9109.53417969
565,39033.1132812
566,9507.2421875
567,9343.50195312
568,9292.33496094
569,30615.0234375
570,9412.35644531
571,11765.9277344
572,9288.92578125
573,9348.03515625
574,9470.54394531
575,9420.44433594
576,9344.46191406
577,9236.45996094
578,9071.40039062
579,9841.32910156
580,17239.7773438
581,18081.9550781
582,9331.31835938
583,17660.6445312
584,8907.14550781
585,9030.04394531
586,9053.67578125
587,9183.94433594
588,17163.9238281
589,9207.89257812
590,14412.2958984
591,9164.57421875
592,13924.9580078
593,9162.12597656
594,10573.2548828
595,9076.92871094
596,77970.859375
597,11393.0498047
598,11999.8203125
599,9190.87011719
600,9296.0703125
601,9254.26367188
602,20468.1542969
603,13643.03125
604,9358.18847656
605,18933.3144531
606,9094.68261719
607,9194.45800781
608,9052.63183594
609,9350.72265625
610,9287.45019531
611,9397.47167969
612,9251.25488281
613,43325.6640625
614,9244.86523438
615,33971.7539062
616,9070.4609375
617,9200.54199219
618,9423.28808594
619,9611.60351562
620,9513.79492188
621,9358.90429688
622,9197.91796875
623,28500.484375
624,10474.8291016
625,25706.2148438
626,8972.81640625
627,34550.328125
628,15271.7871094
629,9282.59082031
630,9386.03710938
631,9312.59667969
632,10251.9677734
633,19808.6621094
634,9153.26757812
635,9215.60253906
636,20970.4550781
637,9324.0625
638,9731.16015625
639,9145.51464844
640,29975.3847656
641,14992.7128906
642,9387.12890625
643,9221.10449219
644,9305.20996094
645,10812.6679688
646,14081.0048828
647,9342.57128906
648,9043.23339844
649,9323.7734375
650,9991.23242188
651,22935.7539062
652,25517.2578125
653,9389.00976562
654,9368.91015625
655,61690.4140625
656,14695.2001953
657,8944.97265625
658,9339.30859375
659,9313.7578125
660,40719.9726562
661,9270.58886719
662,19760.8007812
663,15816.8330078
664,11194.4804688
665,9887.80175781
666,9218.56835938
667,9324.32714844
668,15316.6884766
669,8877.44824219
670,9370.765625
671,14378.2304688
672,9146.73144531
673,168295.171875
674,9164.33398438
675,9289.92871094
676,9097.41015625
677,9263.12402344
678,9005.27441406
679,9823.00292969
680,23295.0761719
681,9281.93164062
682,11264.7001953
683,8862.765625
684,9192.89160156
685,14468.2636719
686,32979.2539062
687,9184.62890625
688,9370.85253906
689,9250.94433594
690,9455.48046875
691,9181.26757812
692,9268.04003906
693,9223.90136719
694,9296.27929688
695,16795.4667969
696,9281.0859375
697,9495.078125
698,9431.77246094
699,13946.1298828
700,9489.11230469
701,16048.5224609
702,9119.21679688
703,26422.3164062
704,9453.67578125
705,9259.7734375
706,9217.59667969
707,9030.32617188
708,8864.79589844
709,10960.3925781
710,13133.1367188
711,9207.56640625
712,9233.46191406
713,10027.2011719
714,11107.5361328
715,9227.58398438
716,9155.07128906
717,29906.6542969
718,9049.55273438
719,9767.2734375
720,9468.6875
721,9502.65722656
722,9219.16503906
723,9207.25
724,9189.1484375
725,9045.65332031
726,10041.2509766
727,9321.61328125
728,9449.38183594
729,10037.8007812
730,15157.7695312
731,9385.59277344
732,9142.93847656
733,14680.5195312
734,20245.2753906
735,9268.234375
736,26746.9765625
737,14007.75
738,28466.390625
739,28745.6660156
740,9253.23828125
741,23777.5097656
742,9406.52832031
743,9303.83496094
744,9249.28613281
745,14503.3671875
746,10791.0507812
747,9164.28125
748,13373.5615234
749,22293.2089844
750,9568.3359375
751,16734.15625
752,9175.07617188
753,9308.29980469
754,9440.32519531
755,55619.75
756,9181.61621094
757,9223.265625
758,9056.2421875
759,9140.29296875
760,9370.69433594
761,9217.82714844
762,9304.64355469
763,9179.35058594
764,9479.62792969
765,10991.9433594
766,15361.0458984
767,9485.11621094
768,9383.63476562
769,9127.40429688
770,9276.60742188
771,10292.5117188
772,15549.5019531
773,9240.66894531
774,9379.82617188
775,9166.72167969
776,9358.24121094
777,39777.8398438
778,13145.1923828
779,38966.1992188
780,9257.05078125
781,9392.74121094
782,19426.6484375
783,16680.4101562
784,9066.95410156
785,9119.26367188
786,36988.203125
787,10040.5292969
788,16829.71875
789,78211.5234375
790,9313.08203125
791,9259.49414062
792,9335.84082031
793,9307.24609375
794,9321.65332031
795,9176.75097656
796,9076.68164062
797,9005.7421875
798,19085.8730469
799,9297.88085938
800,9268.78320312
801,46348.0898438
802,57492.0117188
803,12950.7451172
804,12217.5185547
805,9273.27246094
806,8884.35644531
807,11624.0458984
808,13153.4960938
809,9329.44140625
810,10512.6357422
811,9416.29882812
812,9215.60253906
813,9408.54785156
814,10560.6806641
815,9207.00976562
816,9395.94433594
817,9375.44433594
818,9286.0390625
819,25009.4257812
820,9178.36035156
821,9087.95410156
822,9308.82617188
823,16600.4667969
824,9270.38671875
825,9303.953125
826,9531.93554688
827,9118.56835938
828,9091.578125
829,9184.49902344
830,14259.2509766
831,9281.08300781
832,9272.59570312
833,9417.00488281
834,13345.6523438
835,121958.054688
836,9216.58398438
837,13476.09375
838,11328.71875
839,23980.1230469
840,9361.46484375
841,9360.36523438
842,9208.97460938
843,9529.32226562
844,9329.34570312
845,9319.59863281
846,9571.15234375
847,9293.88671875
848,29258.5625
849,9009.68457031
850,9039.87207031
851,23372.8496094
852,14076.5966797
853,37412.3320312
854,9195.59082031
855,8974.52636719
856,9366.26464844
857,9444.18359375
858,16703.2597656
859,9317.72070312
860,9377.73925781
861,9530.76855469
862,9585.43652344
863,9422.11230469
864,9427.15820312
865,14712.5019531
866,9323.75683594
867,9235.52734375
868,9163.23242188
869,9363.48828125
870,9347.46679688
871,9350.01660156
872,53839.2890625
873,13607.0966797
874,9270.01855469
875,8948.9765625
876,9416.52246094
877,32571.5605469
878,9228.84472656
879,9285.92871094
880,21778.015625
881,9558.984375
882,14279.9541016
883,19821.8574219
884,9331.02832031
885,26606.7890625
886,8741.984375
887,10262.8300781
888,9207.66113281
889,67228.0703125
890,9335.85644531
891,9471.74316406
892,32025.7402344
893,10098.0214844
894,10927.5068359
895,9179.65917969
896,9245.58203125
897,9183.64746094
898,9251.69335938
899,18309.2421875
900,9274.57128906
901,50597.1484375
902,48909.1210938
903,21177.4980469
904,9272.34667969
905,9469.65039062
906,9197.90429688
907,9367.52246094
908,9163.70117188
909,9441.7421875
910,9297.10546875
911,9305.20996094
912,10475.3671875
913,9227.27636719
914,11597.0410156
915,14189.0400391
916,12108.7666016
917,12559.0869141
918,10270.7949219
919,9117.30273438
920,9362.33886719
921,9257.93261719
922,9096.44921875
923,9291.57910156
924,9283.75683594
925,9375.86523438
926,38967.2617188
927,9155.60253906
928,30954.7128906
929,9231.15234375
930,9485.91796875
931,9366.81835938
932,9194.57324219
933,9382.7890625
934,9151.83886719
935,9200.19824219
936,9335.7734375
937,14983.0664062
938,16540.125
939,31596.7109375
940,15191.6386719
941,9249.71484375
942,15318.34375
943,9735.60839844
944,9630.08496094
945,19778.6035156
946,81153.515625
947,9314.14648438
948,9330.28710938
949,39493.8984375
950,9390.05957031
951,9203.05664062
952,9243.19726562
953,9229.3671875
954,9282.41210938
955,9235.53808594
956,9967.21582031
957,9289.4375
958,9229.30859375
959,11420.7050781
960,9152.50488281
961,9443.16699219
962,9982.59082031
963,9124.5703125
964,9332.16015625
965,14106.2949219
966,9335.20117188
967,9077.33496094
968,9322.31542969
969,12937.9707031
970,9242.59863281
971,24800.7734375
972,8646.31445312
973,9303.66894531
974,9050.01464844
975,9359.55371094
976,9280.95996094
977,9190.45117188
978,9530.24804688
979,9921.43457031
980,9364.60253906
981,9167.93847656
982,9522.31347656
983,9151.56542969
984,9243.17382812
985,10223.8427734
986,9230.72558594
987,13540.5058594
988,37724.7421875
989,26044.8476562
990,9308.78027344
991,13263.2675781
992,9533.05273438
993,9233.83691406
994,25699.8496094
995,16603.890625
996,9258.71972656
997,9055.34863281
998,9209.88085938
999,11982.9277344
1000,9596.8828125
1001,28132.6523438
1002,9246.98925781
1003,9235.96582031
1004,9423.04980469
1005,9397.02539062
1006,9295.67285156
1007,9264.38085938
1008,9119.98925781
1009,11578.0244141
1010,26774.53125
1011,18299.1210938
1012,9400.24609375
1013,9521.89453125
1014,9127.44140625
1015,9116.94238281
1016,9439.91796875
1017,9375.53613281
1018,9235.94921875
1019,9147.15136719
1020,8955.6171875
1021,9249.38964844
1022,9274.79492188
1023,8986.53710938
1024,11958.7939453
1025,9335.47753906
1026,9212.10449219
1027,8933.91015625
1028,9262.49609375
1029,9206.87988281
1030,32839.4765625
1031,9321.87695312
1032,9377.82910156
1033,9070.88574219
1034,9393.02832031
1035,48534.859375
1036,34508.9375
1037,9270.43652344
1038,12323.5185547
1039,9148.96679688
1040,12047.2744141
1041,22490.7304688
1042,12030.8173828
1043,20084.6308594
1044,9616.39160156
1045,19841.9394531
1046,8992.23242188
1047,9292.21386719
1048,9105.4765625
1049,43203.4492188
1050,9255.81542969
1051,9651.98828125
1052,9204.16113281
1053,9156.30273438
1054,9327.40820312
1055,9337.29003906
1056,9297.85644531
1057,13142.8828125
1058,9238.82714844
1059,9210.83789062
1060,19257.0117188
1061,9598.46191406
1062,9152.52246094
1063,13034.9169922
1064,9197.21484375
1065,9288.22753906
1066,29921.75
1067,9312.2109375
1068,9290.24707031
1069,11463.9658203
1070,12449.1210938
1071,9204.43847656
1072,9539.73925781
1073,9336.97070312
1074,9385.27441406
1075,18146.4140625
1076,24319.7441406
1077,9190.09960938
1078,9220.15429688
1079,9325.09863281
1080,32181.5507812
1081,9228.53710938
1082,18814.6054688
1083,9200.65527344
1084,15021.6611328
1085,9279.72265625
1086,9298.24511719
1087,9383.49707031
1088,9404.52148438
1089,9228.43457031
1090,9266.97558594
1091,9068.79394531
1092,9461.15429688
1093,9322.7109375
1094,9315.92578125
1095,14292.9921875
1096,19560.9824219
1097,9500.99609375
1098,9101.94140625
1099,9449.49121094
1100,9163.29101562
1101,9343.35253906
1102,9298.68066406
1103,9536.97363281
1104,9354.63183594
1105,9257.28417969
1106,9403.82226562
1107,11304.5039062
1108,9368.71191406
1109,14406.3457031
1110,17572.5351562
1111,13610.5917969
1112,9305.20996094
1113,13865.8945312
1114,10016.6865234
1115,14618.9072266
1116,9230.15722656
1117,8885.90917969
1118,9270.04296875
1119,9082.34277344
1120,9377.05664062
1121,9164.86621094
1122,9329.85644531
1123,12713.3964844
1124,9259.73535156
1125,9256.296875
1126,9442.97167969
1127,9351.12304688
1128,9163.87695312
1129,9053.69824219
1130,10109.1396484
1131,9314.84082031
1132,8757.9375
1133,17640.6875
1134,9267.08007812
1135,9236.921875
1136,9405.36132812
1137,9272.63574219
1138,11811.7128906
1139,25639.5195312
1140,8947.72265625
1141,9438.70214844
1142,9293.29296875
1143,9216.22949219
1144,9466.75097656
1145,19428.4765625
1146,9247.3828125
1147,33080.84375
1148,14526.8164062
1149,9293.83984375
1150,9505.65527344
1151,10290.2021484
1152,9178.78710938
1153,14287.4277344
1154,9317.39453125
1155,17325.8496094
1156,9358.03320312
1157,32400.3496094
1158,9094.77929688
1159,9192.59277344
1160,16504.0019531
1161,9267.1328125
1162,15592.6484375
1163,9118.86816406
1164,17262.328125
1165,14202.4189453
1166,9349.21972656
1167,19303.3398438
1168,9329.37597656
1169,11346.0283203
1170,9224.68847656
1171,14315.9238281
1172,36716.4023438
1173,10047.7666016
1174,17044.0664062
1175,9120.37597656
1176,9417.03808594
1177,9263.29199219
1178,9157.32519531
1179,9146.18554688
1180,20818.9550781
1181,9528.81835938
1182,9385.99121094
1183,15074.703125
1184,9365.48046875
1185,9196.47949219
1186,9278.84960938
1187,18159.7851562
1188,9321.37695312
1189,9327.73535156
1190,11676.0820312
1191,9084.29199219
1192,17637.8828125
1193,23049.2441406
1194,12107.6855469
1195,14861.5244141
1196,9343.125
1197,10753.140625
1198,12786.5507812
1199,11654.9365234
1200,41608.390625
1201,11635.0458984
1202,9251.94238281
1203,11555.0898438
1204,9264.71679688
1205,9326.43945312
1206,9606.30273438
1207,12219.2041016
1208,34040.8203125
1209,9262.43945312
1210,9250.98144531
1211,12700.1533203
1212,9349.41796875
1213,9168.25878906
1214,9374.96484375
1215,18466.3027344
1216,9506.26855469
1217,9260.46289062
1218,13060.1865234
1219,9245.93066406
1220,9324.50488281
1221,12610.1142578
1222,9200.68261719
1223,9006.93359375
1224,9204.13378906
1225,9377.1171875
1226,9250.05859375
1227,13156.0908203
1228,9192.32128906
1229,33069.4335938
1230,19770.2382812
1231,9213.98144531
1232,71386.1953125
1233,9214.2734375
1234,9420.14257812
1235,11757.3515625
1236,9360.15820312
1237,9368.921875
1238,9392.59960938
1239,9208.54785156
1240,9620.91210938
1241,9187.88378906
1242,9382.75097656
1243,9399.35351562
1244,16037.90625
1245,16443.0429688
1246,9222.9375
1247,9266.95703125
1248,9556.38085938
1249,9298.77441406
1250,9375.76464844
1251,9269.71679688
1252,9045.1953125
1253,8661.62304688
1254,9342.1796875
1255,9111.14257812
1256,9344.59472656
1257,9351.17675781
1258,11885.9707031
1259,9267.01367188
1260,9299.97070312
1261,9380.23925781
1262,11618.1582031
1263,9294.98632812
1264,9189.38964844
1265,9428.64746094
1266,10446.65625
1267,13730.5322266
1268,43177.0351562
1269,9310.26660156
1270,11185.8886719
1271,15496.7275391
1272,9378.52539062
1273,13924.3574219
1274,9367.82910156
1275,11463.6806641
1276,24596.4570312
1277,11724.2382812
1278,11500.9755859
1279,9287.1796875
1280,17349.1875
1281,9079.65722656
1282,32521.6445312
1283,9537.31445312
1284,9268.58886719
1285,15051.4570312
1286,9267.15917969
1287,10566.0292969
1288,16713.3945312
1289,11134.875
1290,9156.04101562
1291,11072.28125
1292,9171.27441406
1293,14921.4980469
1294,17603.7792969
1295,8950.65136719
1296,9300.62109375
1297,35841.9140625
1298,9338.32324219
1299,9247.78613281
1300,16749.5078125
1301,10317.2255859
1302,9039.51953125
1303,9305.20996094
1304,21054.5917969
1305,9296.90234375
1306,9192.34472656
1307,9512.76074219
1308,17517.3105469
1309,9426.76660156
1310,9242.07714844
1311,9879.85839844
1312,33823.5507812
1313,17073.3164062
1314,12043.0332031
1315,9123.203125
1316,9037.54589844
1317,25874.6210938
1318,9077.4765625
1319,9223.41503906
1320,9402.31445312
1321,9226.31152344
1322,9153.62792969
1323,10975.7949219
1324,11228.2148438
1325,23601.6269531
1326,30630.7265625
1327,9320.1796875
1328,9060.34960938
1329,22515.6210938
1330,11585.4814453
1331,10304.4277344
1332,9306.54003906
1333,9170.58007812
1334,14483.2675781
1335,9063.31738281
1336,9239.14453125
1337,9502.66210938
1338,9065.8046875
1339,9208.81347656
1340,20456.5097656
1341,10229.1074219
1342,9255.49316406
1343,9341.44335938
1344,9444.41113281
1345,12165.8359375
1346,15312.1298828
1347,8944.84863281
1348,34785.828125
1349,9295.93945312
1350,10430.4453125
1351,9046.90136719
1352,9039.14355469
1353,10040.7734375
1354,9324.55078125
1355,9472.44726562
1356,9457.50390625
1357,9137.796875
1358,9183.83496094
1359,15611.4023438
1360,9205.42773438
1361,21315.9023438
1362,9336.24902344
1363,9150.92578125
1364,9027.80371094
1365,9127.78710938
1366,9216.82519531
1367,9496.62109375
1368,9285.61816406
1369,9369.69921875
1370,9228.66992188
1371,39262.6523438
1372,9124.78710938
1373,9303.19824219
1374,9327.41796875
1375,24347.9453125
1376,9195.25195312
1377,8823.95703125
1378,9373.26171875
1379,9218.96386719
1380,9452.82421875
1381,9418.515625
1382,9278.88867188
1383,9165.22070312
1384,9285.58007812
1385,9378.390625
1386,16435.5566406
1387,10365.5957031
1388,9238.59472656
1389,9261.43359375
1390,9288.39648438
1391,9319.64257812
1392,9198.27539062
1393,9258.90527344
1394,11303.1542969
1395,17302.9257812
1396,9252.49707031
1397,24837.796875
1398,9195.8359375
1399,32641.7089844
1400,9408.29589844
1401,9074.25976562
1402,17969.8417969
1403,9510.765625
1404,9277.68457031
1405,12969.7275391
1406,8886.71386719
1407,9194.828125
1408,9327.08300781
1409,47197.5585938
1410,9365.63769531
1411,38279.4257812
1412,9179.36132812
1413,9194.95703125
1414,20199.3222656
1415,9337.59375
1416,9464.98242188
1417,9173.2109375
1418,9260.83886719
1419,9390.11035156
1420,27001.9628906
1421,15563.8818359
1422,36797.7617188
1423,9240.82324219
1424,10220.9873047
1425,9565.55761719
1426,9069.88476562
1427,11421.7099609
1428,9248.83984375
1429,10125.5791016
1430,11629.4960938
1431,9270.00488281
1432,9172.859375
1433,9329.4921875
1434,14743.3378906
1435,9252.33007812
1436,9443.12402344
1437,9406.00585938
1438,9360.62304688
1439,20087.4394531
1440,9250.26953125
1441,9365.57617188
1442,9413.60058594
1443,15396.8349609
1444,10574.5996094
1445,9501.9921875
1446,9397.44238281
1447,9154.10253906
1448,9578.30566406
1449,9230.45605469
1450,9223.35839844
1451,9364.41015625
1452,21908.7617188
1453,9421.2578125
1454,9124.47949219
1455,23674.0488281
1456,9316.89257812
1457,9400.56542969
1458,9200.77929688
1459,9279.25
1460,9205.03417969
1461,9429.14160156
1462,9327.24902344
1463,9103.93164062
1464,9391.54296875
1465,9418.69042969
1466,9285.15625
1467,9187.92675781
1468,9257.60449219
1469,10938.7333984
1470,16337.6025391
1471,9165.72558594
1472,9302.99609375
1473,9148.00976562
1474,9275.86523438
1475,18348.9648438
1476,9461.99902344
1477,9238.93652344
1478,8998.22167969
1479,9388.82910156
1480,9112.39160156
1481,9418.23925781
1482,9212.52734375
1483,32564.9980469
1484,9414.84960938
1485,9130.43261719
1486,9446.13769531
1487,9201.84960938
1488,9232.01953125
1489,9150.4609375
1490,18120.6992188
1491,55778.8789062
1492,9429.04101562
1493,11077.1328125
1494,9009.046875
1495,9021.29980469
1496,9341.63671875
1497,9273.38769531
1498,17888.203125
1499,9288.22753906
1500,9123.5859375
1501,9170.88671875
1502,9280.9140625
1503,9190.23242188
1504,12499.9667969
1505,17485.796875
1506,9254.75488281
1507,22235.40625
1508,9191.55175781
1509,9244.59863281
1510,8898.23925781
1511,9269.70996094
1512,9279.60058594
1513,9228.94726562
1514,49374.21875
1515,17001.6347656
1516,9313.69335938
1517,17651.5410156
1518,9017.34960938
1519,89799.3125
1520,9221.01464844
1521,9185.52734375
1522,14348.7802734
1523,15878.2763672
1524,17469.7988281
1525,9339.92773438
1526,9007.93066406
1527,17797.8574219
1528,23177.1386719
1529,18608.3320312
1530,13590.3652344
1531,9054.30761719
1532,9365.99609375
1533,9223.42480469
1534,9356.85644531
1535,13106.0302734
1536,9389.33105469
1537,9439.37109375
1538,9180.046875
1539,9135.04394531
1540,9474.16601562
1541,9263.77246094
1542,9352.23535156
1543,9104.38085938
1544,14642.375
1545,9285.34277344
1546,9396.85351562
1547,9115.76855469
1548,9517.21191406
1549,9319.54980469
1550,9242.27929688
1551,9234.86328125
1552,28330.03125
1553,11396.0517578
1554,26689.5859375
1555,23352.1425781
1556,17565.1621094
1557,32688.2460938
1558,9333.359375
1559,9789.73632812
1560,9411.15917969
1561,9325.17382812
1562,34987.4609375
1563,72406.5078125
1564,8831.76269531
1565,9269.79980469
1566,23860.9277344
1567,9452.62792969
1568,9318.171875
1569,9973.37988281
1570,17819.2851562
1571,9343.45019531
1572,9173.51269531
1573,9427.56835938
1574,9297.33789062
1575,11189.7373047
1576,9245.27050781
1577,9293.859375
1578,9461.89160156
1579,9790.34960938
1580,18715.5625
1581,16135.8535156
1582,9286.01953125
1583,9304.64550781
1584,18084.7890625
1585,9210.78027344
1586,28693.6601562
1587,17772.328125
1588,11550.6757812
1589,12911.6572266
1590,11185.9013672
1591,33628.2460938
1592,9213.99121094
1593,38309.3320312
1594,9243.17382812
1595,90361.6953125
1596,10937.8261719
1597,9495.20703125
1598,9232.61523438
1599,9377.95800781
1600,9136.99707031
1601,17524.7871094
1602,9215.09570312
1603,9368.24121094
1604,11521.34375
1605,9301.97949219
1606,14562.3007812
1607,13276.8476562
1608,9327.90136719
1609,9377.89257812
1610,9237.9765625
1611,9353.32519531
1612,9572.78125
1613,9270.15917969
1614,12577.3066406
1615,9294.08203125
1616,9157.625
1617,9181.28027344
1618,9290.75390625
1619,20258.6894531
1620,9444.04003906
1621,9386.25878906
1622,9407.67382812
1623,19458.5332031
1624,15922.5371094
1625,9071.890625
1626,9228.37597656
1627,9375.375
1628,9212.84667969
1629,9293.38769531
1630,13077.2470703
1631,10592.1386719
1632,14734.8242188
1633,9021.73144531
1634,9087.20410156
1635,9217.91699219
1636,9364
1637,9204.52050781
1638,11868.8740234
1639,23013.2089844
1640,9405.20800781
1641,9097.671875
1642,9503.04980469
1643,9365.29296875
1644,12412.2050781
1645,11086.8496094
1646,9274.68652344
1647,11452.3876953
1648,9169.49804688
1649,26660.1933594
1650,9099.14355469
1651,15400.8027344
1652,8979.41210938
1653,20351.9726562
1654,9182.66113281
1655,9095.78515625
1656,11499.9755859
1657,9157.88378906
1658,10438.4570312
1659,25537.0195312
1660,9236.04199219
1661,38032.765625
1662,22755.4746094
1663,12988.7802734
1664,9048.09570312
1665,9263.56445312
1666,16298.8564453
1667,9065.75390625
1668,22060.7285156
1669,9286.44042969
1670,9462.22167969
1671,17245.4335938
1672,14610.7177734
1673,9295.45605469
1674,9200.14257812
1675,8900.14941406
1676,10427.4550781
1677,9347.5625
1678,9415.29199219
1679,9438.7421875
1680,9172.70800781
1681,9321.08691406
1682,10060.0976562
1683,10914.9443359
1684,10303.6884766
1685,9164.81640625
1686,9115.3046875
1687,9341.63671875
1688,22366.2265625
1689,18031.0117188
1690,9285.25390625
1691,9279.70507812
1692,9399.06738281
1693,9410.57128906
1694,38404.2421875
1695,9494.37792969
1696,15155.6699219
1697,9522.36621094
1698,9695.86230469
1699,9391.74023438
1700,32708.5410156
1701,9302.53417969
1702,9313.37207031
1703,9433.27929688
1704,9320.97265625
1705,9365.04589844
1706,9022.95898438
1707,9238.20703125
1708,9565.19628906
1709,9505.33105469
1710,11454.5146484
1711,21131.7421875
1712,9112.50878906
1713,21893.5742188
1714,9184.58105469
1715,9081.98339844
1716,9971.79394531
1717,15736.9003906
1718,9416.66601562
1719,14524.0048828
1720,9851.14257812
1721,14448.2177734
1722,9386.12304688
1723,9226.70019531
1724,9079.92578125
1725,9329.4921875
1726,32498.8476562
1727,9541.1484375
1728,9423.30859375
1729,11449.3125
1730,9431.32617188
1731,9111.73730469
1732,9361.33105469
1733,9130.60546875
1734,9449.08691406
1735,11273.1337891
1736,9453.07714844
1737,13400.1044922
1738,9305.60351562
1739,12498.265625
1740,17717.7539062
1741,9370.07324219
1742,9448.37109375
1743,9206.18945312
1744,12079.4853516
1745,9283.35058594
1746,9295.24609375
1747,15794.5556641
1748,9362.25097656
1749,107293.4375
1750,9492.18652344
1751,9354.72949219
1752,9302.66503906
1753,9137.34375
1754,9208.32910156
1755,9480.63183594
1756,9306.20019531
1757,9310.51464844
1758,8952.29199219
1759,9399.03613281
1760,9716.84179688
1761,9205.90429688
1762,40768.7578125
1763,9348.81542969
1764,57892.328125
1765,16929.1210938
1766,9158.56054688
1767,11945.0351562
1768,9243.7890625
1769,9257.58203125
1770,9357.43066406
1771,11448.6347656
1772,9287.99511719
1773,32833.328125
1774,9378.11132812
1775,27752.2578125
1776,9351.40234375
1777,9304.50976562
1778,9459.18261719
1779,44073.6367188
1780,24699.1972656
1781,10119.6425781
1782,11653.1318359
1783,9355.54785156
1784,9215.12695312
1785,9144.16601562
1786,19760.359375
1787,9433.96484375
1788,9427.56347656
1789,9168.40332031
1790,10288.2363281
1791,9706.83105469
1792,9528.90429688
1793,9208.33398438
1794,9906.51855469
1795,9406.40136719
1796,9222.11914062
1797,9026.33300781
1798,19848.7421875
1799,9072.34765625
1800,9323.72363281
1801,9178.83984375
1802,9387.22558594
1803,9394.90234375
1804,9447.77832031
1805,9406.58789062
1806,9350.56445312
1807,9271.27246094
1808,9114.64453125
1809,9401.08007812
1810,9381.00878906
1811,17761.5976562
1812,9185.36425781
1813,11537
1814,24065.1855469
1815,9235.18261719
1816,9213.56152344
1817,17114.0878906
1818,9056.80273438
1819,24645.9082031
1820,9543.84472656
1821,9165.32910156
1822,9138.53027344
1823,9285.91308594
1824,9257.45507812
1825,9393.92871094
1826,9466.71679688
1827,11122.21875
1828,25853.4882812
1829,13737.3789062
1830,13801.8203125
1831,50096.0507812
1832,9594.03613281
1833,21344.4648438
1834,9146.18554688
1835,9153.04394531
1836,9225.95898438
1837,9246.47265625
1838,9368.06152344
1839,25689.2714844
1840,9219.12695312
1841,9523.3359375
1842,9385.26757812
1843,10413.3251953
1844,9352.58691406
1845,9321.98144531
1846,14085.4707031
1847,9398.64453125
1848,9110.47070312
1849,9205.30078125
1850,9507.19433594
1851,9283.71582031
1852,20212.0957031
1853,9297.16015625
1854,9302.38867188
1855,18085.1035156
1856,21217.3339844
1857,9300.4140625
1858,9167.98535156
1859,9206.49316406
1860,9379.20605469
1861,23605.5332031
1862,9321.3203125
1863,9166.31738281
1864,27105.0898438
1865,9554.40625
1866,9197.71484375
1867,9229.02539062
1868,9240.40527344
1869,9279.60058594
1870,8874.06347656
1871,9409.38476562
1872,11662.9482422
1873,58249.1484375
1874,9368.45410156
1875,8986.45605469
1876,9331.83300781
1877,9396.91894531
1878,12219.1064453
1879,8959.90820312
1880,22050.7753906
1881,9311.52050781
1882,9370.15332031
1883,9234.99316406
1884,11990.0097656
1885,9141.47558594
1886,9285.54492188
1887,9350.45117188
1888,9479.58300781
1889,9116.36328125
1890,18955.1757812
1891,9343.58203125
1892,9082.24511719
1893,26043.1210938
1894,8955.52929688
1895,9233.90820312
1896,9180.39746094
1897,9319.16308594
1898,10098.9873047
1899,59926.0742188
1900,9324.0703125
1901,9498.92578125
1902,9366.76757812
1903,9343.52148438
1904,12792.0429688
1905,9098.60058594
1906,23356.8359375
1907,9388.31542969
1908,21747.2246094
1909,18782.5058594
1910,9344.31347656
1911,11483.0087891
1912,9210.57910156
1913,9505.23535156
1914,9433.79199219
1915,9229.83398438
1916,11516.09375
1917,22424.53125
1918,9123.73730469
1919,9128.35253906
1920,9183.76269531
1921,9259.24023438
1922,14433.1601562
1923,9378.92480469
1924,20022.0898438
1925,9137.55957031
1926,9372.96875
1927,9273.23632812
1928,9391.67675781
1929,11206.0185547
1930,13235.1914062
1931,11442.7861328
1932,9429.6953125
1933,16306.8505859
1934,9273.76660156
1935,9366.14160156
1936,17200.359375
1937,9230.15722656
1938,11183.8408203
1939,9117.82617188
1940,9435.83691406
1941,10485.2011719
1942,9263.36328125
1943,9168.55761719
1944,9150.31640625
1945,9358.99023438
1946,20639.4941406
1947,9194.44042969
1948,11132.8105469
1949,8969.49902344
1950,11607.8154297
1951,9377.50878906
1952,10824.8369141
1953,11850.6269531
1954,9301.53125
1955,13242.015625
1956,9292.15039062
1957,8878.6875
1958,9584.17285156
1959,9412.62402344
1960,23635.7558594
1961,9469.99609375
1962,10152.6787109
1963,9296.95800781
1964,9196.08984375
1965,9355.80761719
1966,11043.9912109
1967,9243.17382812
1968,10078.7294922
1969,9291.93554688
1970,9127.78710938
1971,8988.55761719
1972,9474.90429688
1973,9226.46289062
1974,9126.09472656
1975,9311.50878906
1976,9651.22558594
1977,11350.4580078
1978,9192.15429688
1979,14391.4345703
1980,8826.80859375
1981,9237.51953125
1982,9438.78125
1983,9411.24023438
1984,9349.77539062
1985,32643.1933594
1986,8918.18847656
1987,19617.7148438
1988,14091.7490234
1989,22394.6894531
1990,9146.64746094
1991,9346.41210938
1992,10901.9697266
1993,9351.57519531
1994,9370.49414062
1995,9242.44140625
1996,12294.4091797
1997,9467.81933594
1998,9201.4296875
1999,9343.05566406
2000,13216.1015625
2001,9190.65527344
2002,9494.0234375
2003,9315.92578125
2004,11315.6210938
2005,9037.98632812
2006,16581.578125
2007,29520.4394531
2008,11756.2451172
2009,9349.65039062
2010,9132.55664062
2011,9360.88574219
2012,9293.32128906
2013,8981.56835938
2014,9130.10644531
2015,8793.10351562
2016,9281.61328125
2017,9236.21289062
2018,9138.55078125
2019,9472.58789062
2020,9204.39648438
2021,21054.9492188
2022,15523.7529297
2023,9412.45019531
2024,9228.66894531
2025,9423.3203125
2026,9462.83398438
2027,11743.2373047
2028,11601.9414062
2029,10386.3798828
2030,9362.42480469
2031,9300.32226562
2032,21059.9140625
2033,9193.17480469
2034,9125.42089844
2035,9387.48828125
2036,8701.99121094
2037,9299.59375
2038,9223.8984375
2039,13218.734375
2040,9554.25683594
2041,13604.8447266
2042,9134.58789062
2043,28273.1894531
2044,26674.0898438
2045,9484.28027344
2046,9188.79882812
2047,9494.84570312
2048,9104.05859375
2049,9232.49023438
2050,28234.6347656
2051,9387.15039062
2052,9326.10839844
2053,9253.61328125
2054,11652.3671875
2055,9378.43945312
2056,9352.79980469
2057,10163.1533203
2058,9198.81054688
2059,59371.6015625
2060,33010.28125
2061,9241.87109375
2062,9232.81542969
2063,22464.7460938
2064,16543.5214844
2065,16765.4140625
2066,9260.62988281
2067,11899.9072266
2068,9185.03613281
2069,9390.7890625
2070,9533.98925781
2071,9298.76464844
2072,9002.21484375
2073,9376.13085938
2074,47953.3164062
2075,9291.328125
2076,9243.17382812
2077,9245.08203125
2078,8903.31054688
2079,9554.06933594
2080,9365.84277344
2081,9131.61328125
2082,17455.7558594
2083,9347.28027344
2084,9056.84375
2085,20213.265625
2086,9154.29199219
2087,9362.22753906
2088,9320.7265625
2089,9060.65527344
2090,12934.28125
2091,9191.91699219
2092,9393.28320312
2093,9404.78320312
2094,11441.6796875
2095,9244.33496094
2096,11076.3574219
2097,9271.19238281
2098,22394.9921875
2099,9414.27734375
2100,9346.609375
2101,9206.2421875
2102,11320.6699219
2103,9433.20996094
2104,9302.28222656
2105,11958.0869141
2106,9328.14648438
2107,9189.34277344
2108,9262.39453125
2109,16785.4511719
2110,19533.2851562
2111,9496.95996094
2112,9165.33886719
2113,24003.0625
2114,16411.8730469
2115,8925.3125
2116,9301.84277344
2117,16141.5253906
2118,20692.3789062
2119,9255.56835938
2120,9362.81445312
2121,9304.46679688
2122,14595.0429688
2123,9402.19238281
2124,9271.36230469
2125,9390.59667969
2126,18115.9238281
2127,9133.67285156
2128,8997.43652344
2129,28182.3535156
2130,9358.15820312
2131,9474.41015625
2132,9391.32910156
2133,9257.40722656
2134,9390.66894531
2135,9283.67089844
2136,10363.2373047
2137,9077.96875
2138,13092.5351562
2139,26100.8144531
2140,13388.5507812
2141,14568.6044922
2142,9442.05078125
2143,12586.6171875
2144,24125.2148438
2145,9326.75
2146,9232.01953125
2147,9217.07421875
2148,14191.4101562
2149,17960.1738281
2150,10351.1953125
2151,9355.96484375
2152,9002.26367188
2153,9262.796875
2154,8919.8203125
2155,16284.3330078
2156,9225.42773438
2157,9256.65820312
2158,12853.1464844
2159,9169.59765625
2160,9175.39746094
2161,19985.8710938
2162,9438.61621094
2163,9315.25292969
2164,9566.50097656
2165,9220.62988281
2166,9243.17382812
2167,11709.1689453
2168,9235.57421875
2169,9315.92382812
2170,9229.88378906
2171,23572.6738281
2172,9243.17382812
2173,9406.98535156
2174,9083.23242188
2175,9097.19824219
2176,9240.11425781
2177,11566.3271484
2178,15836.609375
2179,29350.8164062
2180,9210.32519531
2181,9358.44628906
2182,9284.21386719
2183,42241.046875
2184,10256.0957031
2185,18183.1503906
2186,9185.36621094
2187,9240.2421875
2188,9157.32128906
2189,9312.44628906
2190,11410.4492188
2191,9476.23925781
2192,9223.18261719
2193,56052.8046875
2194,8964.04003906
2195,20915.8691406
2196,9341.18066406
2197,9209.79492188
2198,10075.6845703
2199,17433.4550781
2200,9550.12792969
2201,9075.59765625
2202,36146.8632812
2203,17644.3945312
2204,9382.37207031
2205,9963.6953125
2206,9267.47851562
2207,9419.37207031
2208,9227.77734375
2209,9064.30957031
2210,14741.9902344
2211,10683.3193359
2212,9285.3203125
2213,41151.8320312
2214,8925.18359375
2215,9295.41210938
2216,9181.42675781
2217,16519.875
2218,9142.72558594
2219,9208.62109375
2220,28841.2988281
2221,9162.72363281
2222,9249.03027344
2223,9130.58398438
2224,9310.35351562
2225,11489.3349609
2226,10286.1738281
2227,9282.58886719
2228,9357.94433594
2229,16205.8535156
2230,41737.1132812
2231,9462.44824219
2232,10961.1894531
2233,9499.046875
2234,17273.1347656
2235,9494.13574219
2236,18238.875
2237,9112.81347656
2238,17407.1113281
2239,9329.4921875
2240,24590.4003906
2241,12781.7910156
2242,9252.6171875
2243,45722.09375
2244,9138.8984375
2245,15159.5136719
2246,10544.2304688
2247,9245.27050781
2248,9183.94433594
2249,14927.7207031
2250,10516.5283203
2251,9039.703125
2252,9305.27148438
2253,9186.796875
2254,9491.51953125
2255,10539.2529297
2256,9497.70117188
2257,9130.74804688
2258,9481.33496094
2259,9535.92382812
2260,9862.52636719
2261,9092.66113281
2262,27148.7324219
2263,9173.33007812
2264,9263.50195312
2265,14278.7324219
2266,11194.9414062
2267,9243.17382812
2268,9432.92285156
2269,22251.1640625
2270,9315.53808594
2271,10110.5019531
2272,9318.24121094
2273,9296.91308594
2274,9472.74316406
2275,11224.0019531
2276,9125.19628906
2277,9311.75195312
2278,18363.3066406
2279,9012.57910156
2280,16259.9345703
2281,25463.578125
2282,9319.90136719
2283,9126.07910156
2284,11662.9824219
2285,9263.87695312
2286,9456.88085938
2287,10529.5576172
2288,9402.26660156
2289,14539.3984375
2290,9177.23339844
2291,9259.55957031
2292,9240.64355469
2293,27101.8613281
2294,9237.74414062
2295,9444.80664062
2296,21313.109375
2297,16962.7207031
2298,9455.47070312
2299,13736.4765625
2300,47989.0195312
2301,35522.9101562
2302,9180.83398438
2303,9224.21484375
2304,9349.62792969
2305,9223.6484375
2306,9243.54589844
2307,33721.9140625
2308,11020.9638672
2309,9354.63574219
2310,19048.6972656
2311,9278.97363281
2312,10533.6914062
2313,9333.74023438
2314,9315.92578125
2315,9204.1875
2316,8958.31445312
2317,21743.9570312
2318,9232.86816406
2319,9358.53613281
2320,9200.03417969
2321,9804.37402344
2322,9065.76367188
2323,9293.859375
2324,9706.19042969
2325,11613.9453125
2326,11683.703125
2327,9342.7421875
2328,9382.56347656
2329,20497.5136719
2330,20626.9335938
2331,9570.63085938
2332,9040.8203125
2333,9330.13476562
2334,12851.8779297
2335,9200.7890625
2336,17222.0136719
2337,9356.60449219
2338,17306.1582031
2339,11427.3193359
2340,9359.55371094
2341,9316.62988281
2342,9579.85546875
2343,9261.80175781
2344,9425.95507812
2345,13739.125
2346,33838.4921875
2347,13475.7617188
2348,9263.86035156
2349,9809.265625
2350,9490.26074219
2351,9334.828125
2352,9258.61621094
2353,10232.3496094
2354,9105.51074219
2355,12041.0166016
2356,9866.70214844
2357,10581.5859375
2358,21455.2617188
2359,9350.41308594
2360,9244.671875
2361,9493.453125
2362,13108.3261719
2363,9181.14355469
2364,15146.2109375
2365,20427.9296875
2366,13915.2617188
2367,11632.5908203
2368,9553.03613281
2369,23399.34375
2370,41536.546875
2371,9175.51464844
2372,9514.42480469
2373,10275.7382812
2374,12621.6123047
2375,9688.60546875
2376,9292.30371094
2377,9187.68847656
2378,10888
2379,10266.0361328
2380,9133.8125
2381,9305.20996094
2382,12759.4726562
2383,9054.86230469
2384,14905.3857422
2385,18968.1152344
2386,9255.15625
2387,56192.296875
2388,9145.58984375
2389,8880.42480469
2390,18954.1035156
2391,9168.25878906
2392,11290.4072266
2393,9212.4609375
2394,9342.84960938
2395,17730.890625
2396,9599.75195312
2397,44444.5859375
2398,13134.2216797
2399,9357.78222656
2400,17872.2519531
2401,9360.04003906
2402,11872.0634766
2403,20367.4277344
2404,9186.98144531
2405,8983.0390625
2406,45009.765625
2407,21897.1542969
2408,9259.09667969
2409,9310.15039062
2410,9205.90429688
2411,10447.125
2412,8956.37011719
2413,26307.3574219
2414,9297.89160156
2415,9563.38183594
2416,9310.79394531
2417,11128.7275391
2418,9256.16210938
2419,9071.04296875
2420,26186.3007812
2421,9268.26367188
2422,9354.42578125
2423,15021.8730469
2424,9177.82421875
2425,9393.36523438
2426,9599.37695312
2427,17696.65625
2428,9547.6171875
2429,9762.546875
2430,9472.09863281
2431,9606.30761719
2432,15885.0058594
2433,28607.5859375
2434,9317.68066406
2435,9337.15136719
2436,10251.7080078
2437,14727.8457031
2438,9333.32617188
2439,9223.08496094
2440,9673.08886719
2441,9471.30078125
2442,31564.4960938
2443,9273.52734375
2444,9034.65039062
2445,10594.9541016
2446,8924.45117188
2447,9607.65917969
2448,12628.9238281
2449,9610.99707031
2450,40367.7382812
2451,21265.5859375
2452,44532.9492188
2453,9085.62988281
2454,21826.1816406
2455,9238.06152344
2456,9287.45019531
2457,42531.7421875
2458,9066.49316406
2459,9513.50097656
2460,9480.55273438
2461,9408.98828125
2462,16448.5976562
2463,9375.06640625
2464,9369.96875
2465,9647.99707031
2466,12282.0166016
2467,32684.1289062
2468,9325.88671875
2469,9369.03222656
2470,9077.49414062
2471,17783.6699219
2472,9397.98730469
2473,9245.27050781
2474,14107.2832031
2475,9362.28515625
2476,9227.48144531
2477,10028.0117188
2478,9355.82324219
2479,15159.7490234
2480,12886.6728516
2481,9099.71386719
2482,18033.1660156
2483,9328.15722656
2484,9394.78613281
2485,9329.609375
2486,9353.87792969
2487,9356.24316406
2488,9224.60253906
2489,9254.25683594
2490,9340.75976562
2491,12578.4267578
2492,21395.3378906
2493,14546.0498047
2494,9283.046875
2495,9383.66601562
2496,11318.3574219
2497,9210.83300781
2498,9079.9375
2499,9420.82714844
2500,18377.46875
2501,15792.5898438
2502,8933.03808594
2503,9344.80371094
2504,23133.0292969
2505,61740.9414062
2506,13541.8388672
2507,9384.90234375
2508,14139.1796875
2509,9709.04003906
2510,9079.76171875
2511,9213.88671875
2512,9472.39355469
2513,28730.3007812
2514,9246.5078125
2515,9221.70214844
2516,16172.7099609
2517,12723.9453125
2518,9268.20117188
2519,23438.9589844
2520,24965.2753906
2521,9235.45605469
2522,16999.6152344
2523,11518.4316406
2524,9392.47558594
2525,9359.14746094
2526,15892.3623047
2527,9430.52832031
2528,9413.93164062
2529,26475.6289062
2530,9413.06445312
2531,9536.45507812
2532,10047.8115234
2533,11269.3554688
2534,9279.40527344
2535,9393.93066406
2536,10973.4277344
2537,34558.5390625
2538,9316.8984375
2539,9327.33398438
2540,79273.0859375
2541,15209.7910156
2542,9294.02832031
2543,9886.57421875
2544,9266.76464844
2545,9394.03125
2546,9357.24609375
2547,9511.77929688
2548,15796.8417969
2549,9382.89550781
2550,10366.7470703
2551,16336.515625
2552,9279.82714844
2553,9238.23828125
2554,9313.25292969
2555,9377.984375
2556,9293.95019531
2557,29494.2050781
2558,9435.07714844
2559,9224.71484375
2560,9280.71875
2561,9260.53515625
2562,35903.0859375
2563,11407.2626953
2564,23139.8125
2565,9139.77148438
2566,14312.6152344
2567,9366.9296875
2568,9471.55078125
2569,9150.84765625
2570,9262.07421875
2571,9365.02832031
2572,9218.72070312
2573,10018.765625
2574,9418.30566406
2575,9499.63867188
2576,9269.04882812
2577,9309.20117188
2578,17565.25
2579,9318.52734375
2580,11060.6152344
2581,9361.70507812
2582,9270.61621094
2583,24305.5957031
2584,15586.59375
2585,9189.09667969
2586,9259.50683594
2587,9321.66308594
2588,9308.86425781
2589,9500.55859375
2590,12188.7402344
2591,9244.671875
2592,9282.4921875
2593,21498.4257812
2594,14538.4560547
2595,9186.73828125
2596,9331.21484375
2597,9289.78613281
2598,9250.72949219
2599,9296.66601562
2600,9314.08007812
2601,9624.95605469
2602,11497.1113281
2603,20059.453125
2604,11764.2138672
2605,9369.51855469
2606,9369.94140625
2607,9376.20703125
2608,8992.42871094
2609,9354.89941406
2610,14654.2314453
2611,9243.17382812
2612,9321.32324219
2613,9387.15039062
2614,19787.1386719
2615,9263.67871094
2616,9213.46582031
2617,14637.9746094
2618,9273.33398438
2619,9260.56054688
2620,9247.15820312
2621,9023.140625
2622,9262.79785156
2623,9149.31933594
2624,9397.55761719
2625,9410.51367188
2626,9205.97070312
2627,10575.5830078
2628,9245.09570312
2629,26246.1777344
2630,12858.7353516
2631,9239.77929688
2632,11683.5947266
2633,22843.34375
2634,9337.8203125
2635,9308.52929688
2636,9265.58105469
2637,9192.63574219
2638,9254.75976562
2639,11353.8017578
2640,9378.50097656
2641,21719.9433594
2642,9177.45703125
2643,9214.48730469
2644,49830.296875
2645,9213.01660156
2646,10320.9765625
2647,9257.43261719
2648,44641.6132812
2649,49343.546875
2650,9519.08105469
2651,32629.6796875
2652,9201.16894531
2653,9162.25390625
2654,14257.8789062
2655,9348.79199219
2656,9251.17773438
2657,12098.015625
2658,37288.3632812
2659,9442.74121094
2660,9227.36523438
2661,25721.5703125
2662,11265.453125
2663,9299.97070312
2664,9329.12695312
2665,9558.40136719
2666,9171.5390625
2667,13280.6132812
2668,9287.45019531
2669,25681.4355469
2670,9168.49804688
2671,8931.97460938
2672,9243.734375
2673,9144.44140625
2674,9110.44042969
2675,9140.90234375
2676,30671.3359375
2677,9293.52734375
2678,14162.9980469
2679,9763.26171875
2680,9436.93652344
2681,9378.38183594
2682,9367.13183594
2683,9230.15722656
2684,9052.34570312
2685,9197.75488281
2686,9445.85742188
2687,9230.15722656
2688,14183.0322266
2689,8966.65332031
2690,9312.70898438
2691,9285.1640625
2692,15902.0019531
2693,9154.40039062
2694,9297.53125
2695,13329.4824219
2696,9185.8515625
2697,11900.8359375
2698,9260.73828125
2699,8854.29980469
2700,9335.06054688
2701,9303.35839844
2702,22027.2792969
2703,9310.31933594
2704,9214.11230469
2705,9364.46386719
2706,9079.38867188
2707,9321.96777344
2708,10346.0263672
2709,32422.4375
2710,9180.67578125
2711,9256.09472656
2712,9258.56933594
2713,9287.34570312
2714,9261.1953125
2715,9228.11132812
2716,9194.90429688
2717,13429.9882812
2718,9380.92871094
2719,9418.85742188
2720,9264.12304688
2721,9342.04003906
2722,9247.01757812
2723,23140.3164062
2724,92769.234375
2725,9297.99804688
2726,9423.54589844
2727,9513.40625
2728,9311.0546875
2729,32321.5410156
2730,9474.53710938
2731,9209.609375
2732,20548.9375
2733,8874.99414062
2734,9241.36914062
2735,25787.0195312
2736,9515.37304688
2737,9407.63964844
2738,9518.29882812
2739,12812.6171875
2740,15931.0322266
2741,9364.88964844
2742,14735.1503906
2743,9154.04785156
2744,9370.77734375
2745,10398.1494141
2746,9358.19824219
2747,9303.78808594
2748,9489.7421875
2749,10383.8544922
2750,9329.4921875
2751,20848.7460938
2752,13417.0244141
2753,11479.8984375
2754,9169.77832031
2755,9433.08691406
2756,9328.39648438
2757,9316.62792969
2758,9162.55664062
2759,14841.2890625
2760,9164.55371094
2761,12061.4824219
2762,9344.53808594
2763,60621.5078125
2764,12157.0087891
2765,24213.4765625
2766,9281.93359375
2767,9294.13867188
2768,9099.83300781
2769,12091.9736328
2770,9319.49316406
2771,9302.62988281
2772,9201.25683594
2773,21489.3886719
2774,10039.9804688
2775,10500.6289062
2776,22604.5917969
2777,11825.5214844
2778,9282.01074219
2779,9254.98242188
2780,9339.9375
2781,13945.2998047
2782,9402.86035156
2783,9333.93554688
2784,9093.86816406
2785,14182.7871094
2786,9288.23925781
2787,9381.5234375
2788,9390.35351562
2789,9442.66894531
2790,16846.4023438
2791,9301.87792969
2792,8818.27539062
2793,9391.04589844
2794,9241.32128906
2795,9315.265625
2796,9267.26367188
2797,9289.33007812
2798,9413.62011719
2799,9369.328125
2800,9056.30664062
2801,10206.1972656
2802,23922.3457031
2803,9325.890625
2804,48499.6679688
2805,10155.0908203
2806,9278.43164062
2807,13026.7333984
2808,9171.4453125
2809,9202.99804688
2810,8976.70507812
2811,9270.05957031
2812,34018.2851562
2813,9415.08691406
2814,22590.1738281
2815,18192.09375
2816,9311.421875
2817,9430.09375
2818,14670.9394531
2819,9800.77636719
2820,13374.578125
2821,9124.66992188
2822,8952.34570312
2823,9305.59375
2824,9111.96191406
2825,9351.47753906
2826,9359.81933594
2827,9176.24804688
2828,9263.90527344
2829,8974.43066406
2830,14550.9462891
2831,9205.20605469
2832,9215.96875
2833,9655.3984375
2834,9300.67871094
2835,17114.7695312
2836,9358.19824219
2837,9160.91894531
2838,9226.66308594
2839,9325.29785156
2840,9250.95410156
2841,13889.4941406
2842,9308.88867188
2843,9591.69335938
2844,17902.4804688
2845,9173.70703125
2846,9476.390625
2847,9476.65820312
2848,11819.7177734
2849,13696.9208984
2850,9133.05761719
2851,9325.90039062
2852,17083.0761719
2853,9315.78417969
2854,9409.61035156
2855,8783.76953125
2856,9338.93847656
2857,9306.08203125
2858,9374.36816406
2859,15203.8652344
2860,33194.0117188
2861,9129.59277344
2862,59290.6640625
2863,9263.18945312
2864,9303.81835938
2865,11427.8095703
2866,9211.73730469
2867,20041.2304688
2868,9203.95019531
2869,24135.1386719
2870,9513.47949219
2871,9151.70507812
2872,9400.66113281
2873,9361.71679688
2874,9441.84960938
2875,10417.5224609
2876,9026.203125
2877,9388.50390625
2878,9203.97070312
2879,15506.1113281
2880,9340.83398438
2881,42701.7382812
2882,10046.4453125
2883,15708.6367188
2884,9401.61621094
2885,9398.68652344
2886,14361.5419922
2887,11425.2197266
2888,9263.39453125
2889,9168.015625
2890,9377.47460938
2891,9477.5546875
2892,9187.00976562
2893,9385.54980469
2894,15003.0761719
2895,9153.37890625
2896,9370.47265625
2897,9291.91503906
2898,9482.87597656
2899,9365.84472656
2900,23495.0117188
2901,9355.89941406
2902,9393.01171875
2903,9244.03320312
2904,10020.8164062
2905,14383.5722656
2906,9315.55371094
2907,59426.9101562
2908,10828.3457031
2909,9230.15722656
2910,9287.45019531
2911,9166.22363281
2912,9247.12695312
2913,9347.32714844
2914,9346.47949219
2915,9448.83105469
2916,9281.92480469
2917,18131.8632812
2918,14948.5712891
2919,9398.48242188
2920,9077.86132812
2921,9378.17089844
2922,12382.5751953
2923,9401.54882812
2924,9402.25488281
2925,9215.625
2926,18502.2871094
2927,9377.31640625
2928,9435.00683594
2929,9597.86035156
2930,9248.75976562
2931,14483.0996094
2932,9173.55566406
2933,9201.45996094
2934,9216.00390625
2935,9328.77246094
2936,9276.984375
2937,9308.72167969
2938,9541.30273438
2939,9144.47949219
2940,9416.79394531
2941,21189.1816406
2942,23851.5410156
2943,9003.62402344
2944,9270.71777344
2945,9147.38964844
2946,17988.4140625
2947,9375.38769531
2948,9380.46484375
2949,25858.4042969
2950,21245.90625
2951,9504.41015625
2952,10426.2519531
2953,9338.9453125
2954,9198.92382812
2955,9183.16601562
2956,9023.03613281
2957,11893.4658203
2958,9161.55566406
2959,9451.33398438
2960,13346.2607422
2961,9323.21191406
2962,11630.9589844
2963,9221.22851562
2964,9396.71289062
2965,9262.13183594
2966,14710.3330078
2967,11332.6523438
2968,9266.72460938
2969,21459.1699219
2970,9104.83496094
2971,42578.03125
2972,9250.89453125
2973,16223.2919922
2974,8968.515625
2975,41923.0898438
2976,9303.06152344
2977,9305.20996094
2978,9273.95703125
2979,13197.2744141
2980,9479.3359375
2981,9268.23339844
2982,18443.1933594
2983,9115.27929688
2984,12744.46875
2985,9321.73925781
2986,9240.50390625
2987,9198.35644531
2988,8786.58300781
2989,14531.0898438
2990,9236.28125
2991,9266.62695312
2992,10068.5351562
2993,9494
2994,9280.78417969
2995,11142.4785156
2996,9208.57226562
2997,9282.62695312
2998,9422.69726562
2999,9330.859375
3000,9340.31933594
